<?xml version="1.0" encoding="UTF-8"?>
<Entities
 build="b90"
 majorVersion="8"
 minorVersion="5"
 modelPersistenceProviderPackage="PostgresPersistenceProviderPackage"
 revision="2"
 schemaVersion="1052"
 universal="password">
    <Mashups>
        <Mashup
         aspect.isEditableExtensionObject="true"
         aspect.isExtension="true"
         aspect.isResponsive="true"
         aspect.mashupType="mashup"
         columns="0.0"
         description="Shows when pressing the Export button. Contains various Export related functionality. It is generally a wrapper on top of standard ThingWorx Export functionality created to allow faster exporting."
         documentationContent=""
         homeMashup=""
         lastModifiedDate="2020-01-07T04:40:21.628-08:00"
         name="GitBackup.Export.Mashup"
         projectName="GitBackup"
         rows="0.0"
         tags="">
            <avatar></avatar>
            <DesignTimePermissions>
                <Create></Create>
                <Read></Read>
                <Update></Update>
                <Delete></Delete>
                <Metadata></Metadata>
            </DesignTimePermissions>
            <RunTimePermissions></RunTimePermissions>
            <VisibilityPermissions>
                <Visibility></Visibility>
            </VisibilityPermissions>
            <ConfigurationTableDefinitions></ConfigurationTableDefinitions>
            <ConfigurationTables></ConfigurationTables>
            <ParameterDefinitions>
                <FieldDefinition
                 aspect.ordinal="0"
                 baseType="STRING"
                 description=""
                 name="GitThingName"
                 ordinal="0"></FieldDefinition>
            </ParameterDefinitions>
            <Things>
                <Thing>GIT.Utility.Thing</Thing>
            </Things>
            <ThingShapes>
                <ThingShape>Git.Utility.ThingShape</ThingShape>
            </ThingShapes>
            <ThingTemplates></ThingTemplates>
            <mashupContent>
            <![CDATA[
            {
              "ConfigurationTables" : { },
              "CustomMashupCss" : "",
              "Data" : {
                "DynamicThingShapes_Git.Utility.ThingShape" : {
                  "DataName" : "DynamicThingShapes_Git.Utility.ThingShape",
                  "EntityName" : "Git.Utility.ThingShape",
                  "EntityType" : "DynamicThingShapes",
                  "Id" : "c2cf3589-527c-4d26-9a40-118b416504a4",
                  "Services" : [ {
                    "APIMethod" : "post",
                    "Characteristic" : "Services",
                    "Id" : "155db89c-ce99-4c00-959e-7b650366722b",
                    "Name" : "GetConfiguration",
                    "Parameters" : { },
                    "RefreshInterval" : 0,
                    "Target" : "GetConfiguration"
                  }, {
                    "APIMethod" : "post",
                    "Characteristic" : "Services",
                    "Id" : "6edfe925-0672-4734-9631-8d51c5523766",
                    "Name" : "ExportProjectData",
                    "Parameters" : { },
                    "Properties" : {
                      "CustomSuccessMessage" : "Data has been exported successfully",
                      "ShowSuccessMessage" : true
                    },
                    "RefreshInterval" : 0,
                    "Target" : "ExportProjectData"
                  }, {
                    "APIMethod" : "post",
                    "Characteristic" : "Services",
                    "Id" : "a672e47f-0174-460d-a39b-7afcb6695393",
                    "Name" : "ExportProjectEntities",
                    "Parameters" : { },
                    "Properties" : {
                      "CustomSuccessMessage" : "Entities have been exported successfully",
                      "ShowSuccessMessage" : true
                    },
                    "RefreshInterval" : 0,
                    "Target" : "ExportProjectEntities"
                  }, {
                    "APIMethod" : "post",
                    "Characteristic" : "Services",
                    "Id" : "72df5754-b2b7-4cde-84d1-7c18b9fa5153",
                    "Name" : "ExportProjectExtensions",
                    "Parameters" : { },
                    "Properties" : {
                      "CustomSuccessMessage" : "Extensions exported. Remove the ones that are not needed before Push.",
                      "ShowSuccessMessage" : true
                    },
                    "RefreshInterval" : 0,
                    "Target" : "ExportProjectExtensions"
                  } ]
                },
                "Session" : {
                  "DataName" : "Session",
                  "EntityName" : "",
                  "EntityType" : "Session",
                  "Id" : "session",
                  "Services" : [ {
                    "APIMethod" : "post",
                    "Characteristic" : "Services",
                    "Id" : "SessionInterface",
                    "Name" : "GetGlobalSessionValues",
                    "Parameters" : { },
                    "RefreshInterval" : 0,
                    "Target" : "GetGlobalSessionValues"
                  } ]
                },
                "Things_GIT.Utility.Thing" : {
                  "DataName" : "Things_GIT.Utility.Thing",
                  "EntityName" : "GIT.Utility.Thing",
                  "EntityType" : "Things",
                  "Id" : "f2a66c79-5f01-4afb-8b16-7f590511d3fa",
                  "Services" : [ {
                    "APIMethod" : "post",
                    "Characteristic" : "Services",
                    "Id" : "f6e006f5-0e98-43ff-b82e-6caa06d3ee31",
                    "Name" : "Pause",
                    "Parameters" : {
                      "delay" : 20
                    },
                    "RefreshInterval" : 0,
                    "Target" : "Pause"
                  }, {
                    "APIMethod" : "post",
                    "Characteristic" : "Services",
                    "Id" : "b3ae55db-9642-4bfb-aa49-b4f6273864d8",
                    "Name" : "Pause1",
                    "Parameters" : {
                      "delay" : 20
                    },
                    "RefreshInterval" : 0,
                    "Target" : "Pause"
                  }, {
                    "APIMethod" : "post",
                    "Characteristic" : "Services",
                    "Id" : "38598c35-2ac3-45f7-984f-6311614ddd6e",
                    "Name" : "Pause2",
                    "Parameters" : {
                      "delay" : 20
                    },
                    "RefreshInterval" : 0,
                    "Target" : "Pause"
                  } ]
                },
                "UserExtensions" : {
                  "DataName" : "UserExtensions",
                  "EntityName" : "",
                  "EntityType" : "UserExtensions",
                  "Id" : "UserExtensions",
                  "Services" : [ {
                    "APIMethod" : "post",
                    "Characteristic" : "Services",
                    "Id" : "UserExtensionInterface",
                    "Name" : "GetCurrentUserExtensionProperties",
                    "Parameters" : { },
                    "RefreshInterval" : 0,
                    "Target" : "GetCurrentUserExtensionProperties"
                  } ]
                }
              },
              "DataBindings" : [ {
                "Id" : "286280bd-6270-47e1-a237-aaf09f1fba2d",
                "PropertyMaps" : [ {
                  "SourceProperty" : "Output",
                  "SourcePropertyBaseType" : "STRING",
                  "SourcePropertyType" : "Property",
                  "TargetProperty" : "Text",
                  "TargetPropertyBaseType" : "STRING",
                  "TargetPropertyType" : "property"
                } ],
                "SourceArea" : "UI",
                "SourceId" : "expression-14",
                "SourceSection" : "",
                "TargetArea" : "UI",
                "TargetId" : "label-6",
                "TargetSection" : ""
              }, {
                "Id" : "baf3069c-6c1f-4725-8010-f82918b3aad7",
                "PropertyMaps" : [ {
                  "SourceProperty" : "FileRepoPath",
                  "SourcePropertyBaseType" : "STRING",
                  "SourcePropertyType" : "Field",
                  "TargetProperty" : "RepoPathName",
                  "TargetPropertyBaseType" : "STRING",
                  "TargetPropertyType" : "property"
                } ],
                "SourceArea" : "Data",
                "SourceDetails" : "AllData",
                "SourceId" : "GetConfiguration",
                "SourceSection" : "DynamicThingShapes_Git.Utility.ThingShape",
                "TargetArea" : "UI",
                "TargetId" : "expression-14",
                "TargetSection" : ""
              }, {
                "Id" : "1d43427f-ce11-4c00-9854-ec7aa364d0eb",
                "PropertyMaps" : [ {
                  "SourceProperty" : "Output",
                  "SourcePropertyBaseType" : "STRING",
                  "SourcePropertyType" : "Property",
                  "TargetProperty" : "CustomClass",
                  "TargetPropertyBaseType" : "STRING",
                  "TargetPropertyType" : "property"
                } ],
                "SourceArea" : "UI",
                "SourceId" : "eventsrouter-34",
                "SourceSection" : "",
                "TargetArea" : "UI",
                "TargetId" : "button-31",
                "TargetSection" : ""
              }, {
                "Id" : "4a093116-43b3-41a9-862f-af733791ff85",
                "PropertyMaps" : [ {
                  "SourceProperty" : "Output",
                  "SourcePropertyBaseType" : "STRING",
                  "SourcePropertyType" : "Property",
                  "TargetProperty" : "Input1",
                  "TargetPropertyBaseType" : "STRING",
                  "TargetPropertyType" : "property"
                } ],
                "SourceArea" : "UI",
                "SourceId" : "expression-33",
                "SourceSection" : "",
                "TargetArea" : "UI",
                "TargetId" : "eventsrouter-34",
                "TargetSection" : ""
              }, {
                "Id" : "cc5806c8-fe3c-4279-8ef2-997ba736ad32",
                "PropertyMaps" : [ {
                  "SourceProperty" : "Output",
                  "SourcePropertyBaseType" : "STRING",
                  "SourcePropertyType" : "Property",
                  "TargetProperty" : "Input3",
                  "TargetPropertyBaseType" : "STRING",
                  "TargetPropertyType" : "property"
                } ],
                "SourceArea" : "UI",
                "SourceId" : "expression-36",
                "SourceSection" : "",
                "TargetArea" : "UI",
                "TargetId" : "eventsrouter-34",
                "TargetSection" : ""
              }, {
                "Id" : "ec8c91e7-465f-4a8f-beee-17cdddb3129e",
                "PropertyMaps" : [ {
                  "SourceProperty" : "Output",
                  "SourcePropertyBaseType" : "STRING",
                  "SourcePropertyType" : "Property",
                  "TargetProperty" : "Input2",
                  "TargetPropertyBaseType" : "STRING",
                  "TargetPropertyType" : "property"
                } ],
                "SourceArea" : "UI",
                "SourceId" : "expression-35",
                "SourceSection" : "",
                "TargetArea" : "UI",
                "TargetId" : "eventsrouter-34",
                "TargetSection" : ""
              }, {
                "Id" : "ba5bc7bd-2835-49f9-97dd-c66168b3d57c",
                "PropertyMaps" : [ {
                  "SourceProperty" : "Output",
                  "SourcePropertyBaseType" : "STRING",
                  "SourcePropertyType" : "Property",
                  "TargetProperty" : "CustomClass",
                  "TargetPropertyBaseType" : "STRING",
                  "TargetPropertyType" : "property"
                } ],
                "SourceArea" : "UI",
                "SourceId" : "eventsrouter-40",
                "SourceSection" : "",
                "TargetArea" : "UI",
                "TargetId" : "button-20",
                "TargetSection" : ""
              }, {
                "Id" : "9399757f-f3f4-4d15-a542-cb733a7b702e",
                "PropertyMaps" : [ {
                  "SourceProperty" : "Output",
                  "SourcePropertyBaseType" : "STRING",
                  "SourcePropertyType" : "Property",
                  "TargetProperty" : "Input1",
                  "TargetPropertyBaseType" : "STRING",
                  "TargetPropertyType" : "property"
                } ],
                "SourceArea" : "UI",
                "SourceId" : "expression-38",
                "SourceSection" : "",
                "TargetArea" : "UI",
                "TargetId" : "eventsrouter-40",
                "TargetSection" : ""
              }, {
                "Id" : "4d7d39f4-689a-4d64-aa7b-6a899efa9d86",
                "PropertyMaps" : [ {
                  "SourceProperty" : "Output",
                  "SourcePropertyBaseType" : "STRING",
                  "SourcePropertyType" : "Property",
                  "TargetProperty" : "Input2",
                  "TargetPropertyBaseType" : "STRING",
                  "TargetPropertyType" : "property"
                } ],
                "SourceArea" : "UI",
                "SourceId" : "expression-39",
                "SourceSection" : "",
                "TargetArea" : "UI",
                "TargetId" : "eventsrouter-40",
                "TargetSection" : ""
              }, {
                "Id" : "9de88e22-e0a2-4da4-ad36-56f074341aac",
                "PropertyMaps" : [ {
                  "SourceProperty" : "Output",
                  "SourcePropertyBaseType" : "STRING",
                  "SourcePropertyType" : "Property",
                  "TargetProperty" : "Input3",
                  "TargetPropertyBaseType" : "STRING",
                  "TargetPropertyType" : "property"
                } ],
                "SourceArea" : "UI",
                "SourceId" : "expression-41",
                "SourceSection" : "",
                "TargetArea" : "UI",
                "TargetId" : "eventsrouter-40",
                "TargetSection" : ""
              }, {
                "Id" : "f9e709c3-cf4c-451e-b261-475c039680c1",
                "PropertyMaps" : [ {
                  "SourceProperty" : "Entity",
                  "SourcePropertyBaseType" : "PROJECTNAME",
                  "TargetProperty" : "ProjectName",
                  "TargetPropertyBaseType" : "STRING",
                  "TargetPropertyType" : "Parameter"
                } ],
                "SourceArea" : "UI",
                "SourceId" : "entitypicker-24",
                "SourceSection" : "",
                "TargetArea" : "Data",
                "TargetId" : "ExportProjectData",
                "TargetSection" : "DynamicThingShapes_Git.Utility.ThingShape"
              }, {
                "Id" : "6073fc17-d0e6-421d-b391-918d4789151d",
                "PropertyMaps" : [ {
                  "SourceProperty" : "Output",
                  "SourcePropertyBaseType" : "STRING",
                  "SourcePropertyType" : "Property",
                  "TargetProperty" : "Input1",
                  "TargetPropertyBaseType" : "STRING",
                  "TargetPropertyType" : "property"
                } ],
                "SourceArea" : "UI",
                "SourceId" : "expression-42",
                "SourceSection" : "",
                "TargetArea" : "UI",
                "TargetId" : "eventsrouter-44",
                "TargetSection" : ""
              }, {
                "Id" : "6e7afd34-514d-491c-bdac-c74227ccea1f",
                "PropertyMaps" : [ {
                  "SourceProperty" : "Output",
                  "SourcePropertyBaseType" : "STRING",
                  "SourcePropertyType" : "Property",
                  "TargetProperty" : "Input2",
                  "TargetPropertyBaseType" : "STRING",
                  "TargetPropertyType" : "property"
                } ],
                "SourceArea" : "UI",
                "SourceId" : "expression-43",
                "SourceSection" : "",
                "TargetArea" : "UI",
                "TargetId" : "eventsrouter-44",
                "TargetSection" : ""
              }, {
                "Id" : "4948b741-febd-439a-bc05-cc55edca8c85",
                "PropertyMaps" : [ {
                  "SourceProperty" : "Output",
                  "SourcePropertyBaseType" : "STRING",
                  "SourcePropertyType" : "Property",
                  "TargetProperty" : "Input3",
                  "TargetPropertyBaseType" : "STRING",
                  "TargetPropertyType" : "property"
                } ],
                "SourceArea" : "UI",
                "SourceId" : "expression-45",
                "SourceSection" : "",
                "TargetArea" : "UI",
                "TargetId" : "eventsrouter-44",
                "TargetSection" : ""
              }, {
                "Id" : "11eaaeac-b5b8-4ac3-9c59-38ce957839b4",
                "PropertyMaps" : [ {
                  "SourceProperty" : "Output",
                  "SourcePropertyBaseType" : "STRING",
                  "SourcePropertyType" : "Property",
                  "TargetProperty" : "CustomClass",
                  "TargetPropertyBaseType" : "STRING",
                  "TargetPropertyType" : "property"
                } ],
                "SourceArea" : "UI",
                "SourceId" : "eventsrouter-44",
                "SourceSection" : "",
                "TargetArea" : "UI",
                "TargetId" : "button-26",
                "TargetSection" : ""
              }, {
                "Id" : "2774ef2a-5b3f-41ed-bb10-9fb56813bc75",
                "PropertyMaps" : [ {
                  "SourceProperty" : "GitThingName",
                  "SourcePropertyBaseType" : "STRING",
                  "TargetProperty" : "value",
                  "TargetPropertyBaseType" : "THINGNAME",
                  "TargetPropertyType" : "Entity"
                } ],
                "SourceArea" : "Mashup",
                "SourceId" : "mashup-root",
                "SourceSection" : "",
                "TargetArea" : "Data",
                "TargetId" : "EntityName",
                "TargetSection" : "DynamicThingShapes_Git.Utility.ThingShape"
              }, {
                "Id" : "f113eb79-cf59-4b1b-81be-78cadbf0b94e",
                "PropertyMaps" : [ {
                  "SourceProperty" : "State",
                  "SourcePropertyBaseType" : "BOOLEAN",
                  "TargetProperty" : "includeDependents",
                  "TargetPropertyBaseType" : "BOOLEAN",
                  "TargetPropertyType" : "Parameter"
                } ],
                "SourceArea" : "UI",
                "SourceId" : "checkbox-15",
                "SourceSection" : "",
                "TargetArea" : "Data",
                "TargetId" : "ExportProjectEntities",
                "TargetSection" : "DynamicThingShapes_Git.Utility.ThingShape"
              }, {
                "Id" : "1ce2bc2c-e998-40b4-bab1-0c82d209e2f5",
                "PropertyMaps" : [ {
                  "SourceProperty" : "Entity",
                  "SourcePropertyBaseType" : "PROJECTNAME",
                  "TargetProperty" : "ProjectName",
                  "TargetPropertyBaseType" : "STRING",
                  "TargetPropertyType" : "Parameter"
                } ],
                "SourceArea" : "UI",
                "SourceId" : "entitypicker-16",
                "SourceSection" : "",
                "TargetArea" : "Data",
                "TargetId" : "ExportProjectEntities",
                "TargetSection" : "DynamicThingShapes_Git.Utility.ThingShape"
              }, {
                "Id" : "e5324485-4ef4-4f12-8405-7dd1afbdd969",
                "PropertyMaps" : [ {
                  "SourceProperty" : "FileRepository",
                  "SourcePropertyBaseType" : "STRING",
                  "SourcePropertyType" : "Field",
                  "TargetProperty" : "FileRepository",
                  "TargetPropertyBaseType" : "STRING",
                  "TargetPropertyType" : "property"
                } ],
                "SourceArea" : "Data",
                "SourceDetails" : "AllData",
                "SourceId" : "GetConfiguration",
                "SourceSection" : "DynamicThingShapes_Git.Utility.ThingShape",
                "TargetArea" : "UI",
                "TargetId" : "expression-14",
                "TargetSection" : ""
              } ],
              "DesignTimePermissions" : {
                "Create" : [ ],
                "Delete" : [ ],
                "Metadata" : [ ],
                "Read" : [ ],
                "Update" : [ ]
              },
              "Events" : [ {
                "EventHandlerArea" : "Data",
                "EventHandlerId" : "DynamicThingShapes_Git.Utility.ThingShape",
                "EventHandlerService" : "GetConfiguration",
                "EventTriggerArea" : "Mashup",
                "EventTriggerEvent" : "Loaded",
                "EventTriggerId" : "mashup-root",
                "EventTriggerSection" : "",
                "Id" : "edffa75f-eda3-400e-accd-0cf1522f675a"
              }, {
                "EventHandlerArea" : "UI",
                "EventHandlerId" : "expression-21",
                "EventHandlerService" : "Evaluate",
                "EventTriggerArea" : "Mashup",
                "EventTriggerEvent" : "Loaded",
                "EventTriggerId" : "mashup-root",
                "EventTriggerSection" : "",
                "Id" : "2d09bb78-12cb-4946-8086-480802f6097b"
              }, {
                "EventHandlerArea" : "UI",
                "EventHandlerId" : "expression-27",
                "EventHandlerService" : "Evaluate",
                "EventTriggerArea" : "Mashup",
                "EventTriggerEvent" : "Loaded",
                "EventTriggerId" : "mashup-root",
                "EventTriggerSection" : "",
                "Id" : "0a6b80e9-4cb1-4e46-a313-a39905fefe6e"
              }, {
                "EventHandlerArea" : "UI",
                "EventHandlerId" : "expression-33",
                "EventHandlerService" : "Evaluate",
                "EventTriggerArea" : "UI",
                "EventTriggerEvent" : "Clicked",
                "EventTriggerId" : "button-31",
                "EventTriggerSection" : "",
                "Id" : "ce138999-6c57-4a79-a206-301f29f2d78b"
              }, {
                "EventHandlerArea" : "UI",
                "EventHandlerId" : "expression-36",
                "EventHandlerService" : "Evaluate",
                "EventTriggerArea" : "Mashup",
                "EventTriggerEvent" : "Loaded",
                "EventTriggerId" : "mashup-root",
                "EventTriggerSection" : "",
                "Id" : "91cd59b2-8bc8-4d8f-8ecb-dea9e6981021"
              }, {
                "EventHandlerArea" : "UI",
                "EventHandlerId" : "expression-36",
                "EventHandlerService" : "Evaluate",
                "EventTriggerArea" : "Data",
                "EventTriggerEvent" : "ServiceInvokeCompleted",
                "EventTriggerId" : "Pause",
                "EventTriggerSection" : "Things_GIT.Utility.Thing",
                "Id" : "2ac0ef45-e8ce-4646-a770-464de6435366"
              }, {
                "EventHandlerArea" : "UI",
                "EventHandlerId" : "expression-39",
                "EventHandlerService" : "Evaluate",
                "EventTriggerArea" : "UI",
                "EventTriggerEvent" : "Clicked",
                "EventTriggerId" : "button-20",
                "EventTriggerSection" : "",
                "Id" : "080d4c05-42b5-4146-8775-a5c8ff8a6093"
              }, {
                "EventHandlerArea" : "UI",
                "EventHandlerId" : "expression-38",
                "EventHandlerService" : "Evaluate",
                "EventTriggerArea" : "Mashup",
                "EventTriggerEvent" : "Loaded",
                "EventTriggerId" : "mashup-root",
                "EventTriggerSection" : "",
                "Id" : "0434f0f0-1a90-4420-abf0-dfd8ed28a5ab"
              }, {
                "EventHandlerArea" : "UI",
                "EventHandlerId" : "expression-38",
                "EventHandlerService" : "Evaluate",
                "EventTriggerArea" : "Data",
                "EventTriggerEvent" : "ServiceInvokeCompleted",
                "EventTriggerId" : "Pause1",
                "EventTriggerSection" : "Things_GIT.Utility.Thing",
                "Id" : "c70d4093-bdd1-40df-b595-083e3ea4ac9e"
              }, {
                "EventHandlerArea" : "Data",
                "EventHandlerId" : "DynamicThingShapes_Git.Utility.ThingShape",
                "EventHandlerService" : "ExportProjectData",
                "EventTriggerArea" : "UI",
                "EventTriggerEvent" : "Clicked",
                "EventTriggerId" : "button-26",
                "EventTriggerSection" : "",
                "Id" : "772eb001-2669-4cb5-aec6-fa10d8303978"
              }, {
                "EventHandlerArea" : "UI",
                "EventHandlerId" : "expression-43",
                "EventHandlerService" : "Evaluate",
                "EventTriggerArea" : "UI",
                "EventTriggerEvent" : "Clicked",
                "EventTriggerId" : "button-26",
                "EventTriggerSection" : "",
                "Id" : "1beb3753-1320-4c77-baf7-ef158c7516dc"
              }, {
                "EventHandlerArea" : "UI",
                "EventHandlerId" : "expression-45",
                "EventHandlerService" : "Evaluate",
                "EventTriggerArea" : "Data",
                "EventTriggerEvent" : "ServiceInvokeCompleted",
                "EventTriggerId" : "ExportProjectData",
                "EventTriggerSection" : "DynamicThingShapes_Git.Utility.ThingShape",
                "Id" : "1417978e-ff46-439b-9ba2-9d2a2b781357"
              }, {
                "EventHandlerArea" : "Data",
                "EventHandlerId" : "Things_GIT.Utility.Thing",
                "EventHandlerService" : "Pause2",
                "EventTriggerArea" : "Data",
                "EventTriggerEvent" : "ServiceInvokeCompleted",
                "EventTriggerId" : "ExportProjectData",
                "EventTriggerSection" : "DynamicThingShapes_Git.Utility.ThingShape",
                "Id" : "30241f4c-8e48-43ef-84f6-b1d3e8897630"
              }, {
                "EventHandlerArea" : "UI",
                "EventHandlerId" : "expression-42",
                "EventHandlerService" : "Evaluate",
                "EventTriggerArea" : "Data",
                "EventTriggerEvent" : "ServiceInvokeCompleted",
                "EventTriggerId" : "Pause2",
                "EventTriggerSection" : "Things_GIT.Utility.Thing",
                "Id" : "8ba2525f-af31-4427-8f27-f128529be724"
              }, {
                "EventHandlerArea" : "UI",
                "EventHandlerId" : "expression-42",
                "EventHandlerService" : "Evaluate",
                "EventTriggerArea" : "Mashup",
                "EventTriggerEvent" : "Loaded",
                "EventTriggerId" : "mashup-root",
                "EventTriggerSection" : "",
                "Id" : "4e402333-9551-44db-bcd4-df58fdb3b940"
              }, {
                "EventHandlerArea" : "Data",
                "EventHandlerId" : "DynamicThingShapes_Git.Utility.ThingShape",
                "EventHandlerService" : "ExportProjectEntities",
                "EventTriggerArea" : "UI",
                "EventTriggerEvent" : "Clicked",
                "EventTriggerId" : "button-20",
                "EventTriggerSection" : "",
                "Id" : "33f86539-4b4c-4384-9dba-feb49a7f7225"
              }, {
                "EventHandlerArea" : "UI",
                "EventHandlerId" : "expression-41",
                "EventHandlerService" : "Evaluate",
                "EventTriggerArea" : "Data",
                "EventTriggerEvent" : "ServiceInvokeCompleted",
                "EventTriggerId" : "ExportProjectEntities",
                "EventTriggerSection" : "DynamicThingShapes_Git.Utility.ThingShape",
                "Id" : "786fb948-9c29-4b0d-8e57-90594a97842e"
              }, {
                "EventHandlerArea" : "Data",
                "EventHandlerId" : "Things_GIT.Utility.Thing",
                "EventHandlerService" : "Pause1",
                "EventTriggerArea" : "Data",
                "EventTriggerEvent" : "ServiceInvokeCompleted",
                "EventTriggerId" : "ExportProjectEntities",
                "EventTriggerSection" : "DynamicThingShapes_Git.Utility.ThingShape",
                "Id" : "b601f26d-76c3-4b4b-8fee-9221d66eb657"
              }, {
                "EventHandlerArea" : "Data",
                "EventHandlerId" : "DynamicThingShapes_Git.Utility.ThingShape",
                "EventHandlerService" : "ExportProjectExtensions",
                "EventTriggerArea" : "UI",
                "EventTriggerEvent" : "Clicked",
                "EventTriggerId" : "button-31",
                "EventTriggerSection" : "",
                "Id" : "df6aec3c-3343-434f-9191-a4d9e09eded7"
              }, {
                "EventHandlerArea" : "UI",
                "EventHandlerId" : "expression-35",
                "EventHandlerService" : "Evaluate",
                "EventTriggerArea" : "Data",
                "EventTriggerEvent" : "ServiceInvokeCompleted",
                "EventTriggerId" : "ExportProjectExtensions",
                "EventTriggerSection" : "DynamicThingShapes_Git.Utility.ThingShape",
                "Id" : "18859831-8a2d-46ec-aa11-e9c5cb7a0080"
              }, {
                "EventHandlerArea" : "Data",
                "EventHandlerId" : "Things_GIT.Utility.Thing",
                "EventHandlerService" : "Pause",
                "EventTriggerArea" : "Data",
                "EventTriggerEvent" : "ServiceInvokeCompleted",
                "EventTriggerId" : "ExportProjectExtensions",
                "EventTriggerSection" : "DynamicThingShapes_Git.Utility.ThingShape",
                "Id" : "f10d2f27-7e9e-45e0-b5f3-3c707cd5bf5b"
              } ],
              "RunTimePermissions" : {
                "permissions" : [ ]
              },
              "UI" : {
                "Properties" : {
                  "AddToDashboardButton" : "SimplePlus",
                  "AddToDashboardButtonStyle" : "DefaultAddToDashboardButtonStyle",
                  "Area" : "Mashup",
                  "BGImage" : "",
                  "BGImageRepeat" : "no-repeat",
                  "BGImageSize" : "auto",
                  "Columns" : 0,
                  "ConfigureGadgetButton" : "SimpleGear",
                  "ConfigureGadgetButtonStyle" : "DefaultConfigureGadgetButtonStyle",
                  "DisplayName" : "Mashup",
                  "EnableParameterEditing" : false,
                  "Height" : 618,
                  "Id" : "mashup-root",
                  "IgnoreWarningsInViewMashup" : false,
                  "IsPrintLayout" : false,
                  "Left" : 0,
                  "MashupToEditGadget" : "DefaultMashupToEditGadget",
                  "MinHeight" : 0,
                  "MinWidth" : 0,
                  "ResponsiveLayout" : true,
                  "Rows" : 0,
                  "ShowDataLoading" : true,
                  "Style" : "DefaultMashupStyle",
                  "StyleTheme" : "PTC Convergence Theme",
                  "Title" : "",
                  "TitleBar" : false,
                  "TitleBarStyle" : "DefaultTitleBarStyle",
                  "TitleBarText" : "Gadget Title Here",
                  "Top" : 0,
                  "Type" : "mashup",
                  "UseMasterTheme" : false,
                  "UseTheme" : false,
                  "Visible" : true,
                  "Width" : 1024,
                  "Z-index" : 10,
                  "__TypeDisplayName" : "Mashup",
                  "_currentParameterDefs" : [ {
                    "BaseType" : "STRING",
                    "Description" : "",
                    "ParameterName" : "GitThingName"
                  } ],
                  "id_index" : 47,
                  "supportsAutoResize" : true
                },
                "Widgets" : [ {
                  "Properties" : {
                    "Area" : "UI",
                    "Columns" : 0,
                    "DisplayName" : "layout-1",
                    "Footer" : false,
                    "FooterHeight" : 0,
                    "Header" : true,
                    "HeaderHeight" : 50,
                    "Id" : "layout-1",
                    "IncludeSpacingInFixedAreas" : false,
                    "IsPrintLayout" : false,
                    "LastContainer" : false,
                    "Left" : 410,
                    "LeftSidebar" : false,
                    "LeftSidebarWidth" : 0,
                    "Orientation" : "vertical",
                    "PctColumn1" : 50,
                    "PctColumn2" : 50,
                    "PctColumn3" : 1,
                    "PctColumn4" : 1,
                    "PctColumn5" : 1,
                    "PctColumn6" : 1,
                    "PctColumn7" : 1,
                    "PctColumn8" : 1,
                    "PctRow1" : 33.333333333333336,
                    "PctRow2" : 33.333333333333336,
                    "PctRow3" : 33.333333333333336,
                    "PctRow4" : 33.333333333333336,
                    "PctRow5" : 0,
                    "PctRow6" : 0,
                    "PctRow7" : 0,
                    "PctRow8" : 0,
                    "PrintMarginLeftRight" : 0.5,
                    "PrintMarginTopBottom" : 0.5,
                    "PrintWidth" : 650,
                    "ResponsiveLayout" : true,
                    "RightSidebar" : false,
                    "RightSidebarWidth" : 0,
                    "Rows" : 3,
                    "ShowDataLoading" : true,
                    "Spacing" : 0,
                    "Top" : 140,
                    "Type" : "layout",
                    "Visible" : true,
                    "Z-index" : 10,
                    "__TypeDisplayName" : "Layout"
                  },
                  "Widgets" : [ {
                    "Properties" : {
                      "AnimateExpandCollapse" : true,
                      "Area" : "UI",
                      "BGImageRepeat" : "no-repeat",
                      "BGImageSize" : "auto",
                      "DisplayName" : "Header",
                      "ExpandCollapseTabLocation" : "outside",
                      "Expanded" : true,
                      "Id" : "container-2",
                      "LastContainer" : false,
                      "MinHeight" : 0,
                      "MinWidth" : 0,
                      "Overlay" : false,
                      "OverlayIsTransparent" : false,
                      "ResponsiveLayout" : true,
                      "ShowDataLoading" : true,
                      "ShowExpandCollapseTab" : false,
                      "Style" : "DefaultContainerStyle",
                      "TabCollapseStyle" : "DefaultTabCollapseStyle",
                      "TabExpandStyle" : "DefaultTabExpandStyle",
                      "TabHeight" : 36,
                      "TabLocation" : "center",
                      "TabOffset" : 0,
                      "TabWidth" : 36,
                      "Type" : "container",
                      "Visible" : true,
                      "Z-index" : 10,
                      "__TypeDisplayName" : "Container",
                      "userCannotRemove" : true
                    },
                    "Widgets" : [ {
                      "Properties" : {
                        "Area" : "UI",
                        "CustomClass" : "border-bottom1",
                        "DisplayName" : "panel-5",
                        "Height" : 200,
                        "HideScrollbars" : false,
                        "HorizontalAnchor" : "left",
                        "Id" : "panel-5",
                        "LastContainer" : false,
                        "Left" : 655,
                        "ResponsiveLayout" : true,
                        "ShowDataLoading" : true,
                        "Style" : "DefaultContainerStyle",
                        "Top" : 25,
                        "Type" : "panel",
                        "VerticalAnchor" : "top",
                        "Visible" : true,
                        "Width" : 300,
                        "Z-index" : 10,
                        "__TypeDisplayName" : "Panel"
                      },
                      "Widgets" : [ {
                        "Properties" : {
                          "Alignment" : "left",
                          "AllowEllipsis" : false,
                          "Area" : "UI",
                          "CustomClass" : "label-center",
                          "DisplayName" : "label-6",
                          "Height" : 27,
                          "Id" : "label-6",
                          "LastContainer" : false,
                          "Left" : 200,
                          "ResponsiveLayout" : false,
                          "ShowDataLoading" : true,
                          "Style" : {
                            "backgroundColor" : "",
                            "displayString" : "",
                            "fontEmphasisBold" : false,
                            "fontEmphasisItalic" : false,
                            "fontEmphasisUnderline" : false,
                            "foregroundColor" : "#000000",
                            "image" : "",
                            "lineColor" : "",
                            "lineStyle" : "solid",
                            "lineThickness" : 1,
                            "secondaryBackgroundColor" : "",
                            "textSize" : "20px"
                          },
                          "Text" : "Export to file repository",
                          "ToolTipField" : "",
                          "ToolTipStyle" : "DefaultTooltipStyle",
                          "Top" : 8,
                          "Type" : "label",
                          "Visible" : true,
                          "Width" : 240,
                          "Z-index" : 10,
                          "__TypeDisplayName" : "Label",
                          "__supportsTooltip" : true
                        },
                        "Widgets" : [ ]
                      }, {
                        "Properties" : {
                          "Area" : "UI",
                          "AutoEvaluate" : true,
                          "DataChangeType" : "VALUE",
                          "DisplayName" : "expression-14",
                          "Expression" : "\"Exporting  to File Repository: \"+FileRepository+\" in path: \" + RepoPathName",
                          "FireOnFirstValue" : false,
                          "Height" : 28,
                          "Id" : "expression-14",
                          "LastContainer" : false,
                          "Left" : 0,
                          "OutputBaseType" : "STRING",
                          "ResponsiveLayout" : false,
                          "ShowDataLoading" : true,
                          "Top" : 5,
                          "Type" : "expression",
                          "Visible" : true,
                          "Width" : 200,
                          "Z-index" : 10,
                          "__TypeDisplayName" : "Expression",
                          "_currentParameterDefs" : [ {
                            "BaseType" : "STRING",
                            "Description" : "",
                            "ParameterName" : "RepoPathName",
                            "bindingDirection" : "",
                            "bindingStatus" : true,
                            "isBindingSource" : false,
                            "isBindingTarget" : true,
                            "name" : "RepoPathName"
                          }, {
                            "BaseType" : "STRING",
                            "Description" : "",
                            "ParameterName" : "FileRepository",
                            "bindingDirection" : "",
                            "bindingStatus" : false,
                            "isBindingSource" : false,
                            "isBindingTarget" : true,
                            "name" : "FileRepository"
                          } ]
                        },
                        "Widgets" : [ ]
                      } ]
                    } ]
                  }, {
                    "Properties" : {
                      "AnimateExpandCollapse" : true,
                      "Area" : "UI",
                      "BGImageRepeat" : "no-repeat",
                      "BGImageSize" : "auto",
                      "DisplayName" : "Row 1",
                      "ExpandCollapseTabLocation" : "outside",
                      "Expanded" : true,
                      "Id" : "container-3",
                      "LastContainer" : false,
                      "MinHeight" : 0,
                      "MinWidth" : 0,
                      "Overlay" : false,
                      "OverlayIsTransparent" : false,
                      "ResponsiveLayout" : true,
                      "ShowDataLoading" : true,
                      "ShowExpandCollapseTab" : false,
                      "Style" : "DefaultContainerStyle",
                      "TabCollapseStyle" : "DefaultTabCollapseStyle",
                      "TabExpandStyle" : "DefaultTabExpandStyle",
                      "TabHeight" : 36,
                      "TabLocation" : "center",
                      "TabOffset" : 0,
                      "TabWidth" : 36,
                      "Type" : "container",
                      "Visible" : true,
                      "Z-index" : 10,
                      "__TypeDisplayName" : "Container",
                      "userCannotRemove" : true
                    },
                    "Widgets" : [ {
                      "Properties" : {
                        "Area" : "UI",
                        "CustomClass" : "border-bottom1 border-top1",
                        "DisplayName" : "panel-11",
                        "Height" : 200,
                        "HideScrollbars" : false,
                        "HorizontalAnchor" : "left",
                        "Id" : "panel-11",
                        "LastContainer" : false,
                        "Left" : 150,
                        "ResponsiveLayout" : true,
                        "ShowDataLoading" : true,
                        "Style" : "DefaultContainerStyle",
                        "Top" : 70,
                        "Type" : "panel",
                        "VerticalAnchor" : "top",
                        "Visible" : true,
                        "Width" : 300,
                        "Z-index" : 10,
                        "__TypeDisplayName" : "Panel"
                      },
                      "Widgets" : [ {
                        "Properties" : {
                          "Area" : "UI",
                          "CustomClass" : "checkbox-default",
                          "Disabled" : false,
                          "DisplayName" : "checkbox-15",
                          "FocusStyle" : "DefaultFocusStyle",
                          "Height" : 20,
                          "Id" : "checkbox-15",
                          "LastContainer" : false,
                          "Left" : 319,
                          "Prompt" : "Include dependents",
                          "ResponsiveLayout" : false,
                          "ShowDataLoading" : true,
                          "State" : false,
                          "Style" : "DefaultCheckboxStyle",
                          "TabSequence" : 0,
                          "ToolTipField" : "",
                          "ToolTipStyle" : "DefaultTooltipStyle",
                          "Top" : 55,
                          "Type" : "checkbox",
                          "Visible" : true,
                          "Width" : 225,
                          "Z-index" : 10,
                          "__TypeDisplayName" : "Checkbox",
                          "__supportsTooltip" : true
                        },
                        "Widgets" : [ ]
                      }, {
                        "Properties" : {
                          "Area" : "UI",
                          "CustomClass" : "file-repo-input exp-entities",
                          "DisplayName" : "entitypicker-16",
                          "EntityType" : "Projects",
                          "FocusStyle" : "DefaultFocusStyle",
                          "Height" : 38,
                          "Id" : "entitypicker-16",
                          "IncludeSystemObjects" : false,
                          "LastContainer" : false,
                          "Left" : 45,
                          "ResponsiveLayout" : false,
                          "SearchIncludesDescriptions" : true,
                          "SearchTerm" : "",
                          "ShowAdvanced" : true,
                          "ShowDataLoading" : true,
                          "TabSequence" : 1,
                          "Top" : 45,
                          "Type" : "entitypicker",
                          "UseMostRecentlyUsed" : true,
                          "Visible" : true,
                          "Width" : 255,
                          "Z-index" : 10,
                          "__TypeDisplayName" : "Entity Picker"
                        },
                        "Widgets" : [ ]
                      }, {
                        "Properties" : {
                          "Alignment" : "left",
                          "AllowEllipsis" : false,
                          "Area" : "UI",
                          "CustomClass" : "full-width-label",
                          "DisplayName" : "label-17",
                          "Height" : 27,
                          "Id" : "label-17",
                          "LastContainer" : false,
                          "Left" : 45,
                          "ResponsiveLayout" : false,
                          "ShowDataLoading" : true,
                          "Style" : {
                            "backgroundColor" : "",
                            "displayString" : "",
                            "fontEmphasisBold" : false,
                            "fontEmphasisItalic" : false,
                            "fontEmphasisUnderline" : false,
                            "foregroundColor" : "#000000",
                            "image" : "",
                            "lineColor" : "",
                            "lineStyle" : "solid",
                            "lineThickness" : 1,
                            "secondaryBackgroundColor" : "",
                            "textSize" : "xxl"
                          },
                          "Text" : "Export entities",
                          "ToolTipField" : "",
                          "ToolTipStyle" : "DefaultTooltipStyle",
                          "Top" : 10,
                          "Type" : "label",
                          "Visible" : true,
                          "Width" : 240,
                          "Z-index" : 10,
                          "__TypeDisplayName" : "Label",
                          "__supportsTooltip" : true
                        },
                        "Widgets" : [ ]
                      }, {
                        "Properties" : {
                          "ActiveStyle" : "DefaultButtonActiveStyle",
                          "Area" : "UI",
                          "CancelConfirmationButton" : "button2",
                          "ConfirmationButton1Label" : "Yes",
                          "ConfirmationButton2Label" : "No",
                          "ConfirmationPrompt" : "Do Action?",
                          "ConfirmationRequired" : false,
                          "ConfirmationTitle" : "Confirm Action",
                          "ContextId" : "",
                          "CustomClass" : "blue-btn",
                          "DefaultConfirmationButton" : "button1",
                          "Description" : "",
                          "Disabled" : false,
                          "DisabledStyle" : "DefaultButtonDisabledStyle",
                          "DisplayName" : "btn_ExportEntities",
                          "FocusStyle" : "DefaultButtonFocusStyle",
                          "Height" : 38,
                          "HoverStyle" : "DefaultButtonHoverStyle",
                          "IconAlignment" : "left",
                          "Id" : "button-20",
                          "Label" : "Export",
                          "LastContainer" : false,
                          "Left" : 600,
                          "ResponsiveLayout" : false,
                          "RoundedCorners" : true,
                          "ShowDataLoading" : true,
                          "SingleClickSelectOnTablets" : true,
                          "Style" : "DefaultButtonStyle",
                          "TabSequence" : 2,
                          "ToolTipField" : "",
                          "ToolTipStyle" : "DefaultTooltipStyle",
                          "Top" : 45,
                          "Type" : "button",
                          "Visible" : true,
                          "Width" : 120,
                          "Z-index" : 10,
                          "__TypeDisplayName" : "Button",
                          "__supportsTooltip" : true
                        },
                        "Widgets" : [ ]
                      }, {
                        "Properties" : {
                          "Area" : "UI",
                          "AutoEvaluate" : false,
                          "DataChangeType" : "VALUE",
                          "DisplayName" : "expression-21",
                          "Expression" : "$('.exp-entities input.twInlineSearch-input').attr('tabindex', '1001');",
                          "FireOnFirstValue" : false,
                          "Height" : 28,
                          "Id" : "expression-21",
                          "LastContainer" : false,
                          "Left" : 385,
                          "OutputBaseType" : "NOTHING",
                          "ResponsiveLayout" : false,
                          "ShowDataLoading" : true,
                          "Top" : 15,
                          "Type" : "expression",
                          "Visible" : true,
                          "Width" : 200,
                          "Z-index" : 10,
                          "__TypeDisplayName" : "Expression"
                        },
                        "Widgets" : [ ]
                      }, {
                        "Properties" : {
                          "Area" : "UI",
                          "AutoEvaluate" : false,
                          "DataChangeType" : "ALWAYS",
                          "Description" : "",
                          "DisplayName" : "exp_makeBtnBlue",
                          "Expression" : "\"blue-btn\"",
                          "FireOnFirstValue" : false,
                          "Height" : 28,
                          "Id" : "expression-38",
                          "LastContainer" : false,
                          "Left" : 580,
                          "OutputBaseType" : "STRING",
                          "ResponsiveLayout" : false,
                          "ShowDataLoading" : true,
                          "Top" : 0,
                          "Type" : "expression",
                          "Visible" : true,
                          "Width" : 200,
                          "Z-index" : 10,
                          "__TypeDisplayName" : "Expression"
                        },
                        "Widgets" : [ ]
                      }, {
                        "Properties" : {
                          "Area" : "UI",
                          "AutoEvaluate" : false,
                          "DataChangeType" : "ALWAYS",
                          "Description" : "",
                          "DisplayName" : "exp_makeBtnBlueLoading",
                          "Expression" : "\"blue-btn loading-btn\"",
                          "FireOnFirstValue" : false,
                          "Height" : 28,
                          "Id" : "expression-39",
                          "LastContainer" : false,
                          "Left" : 860,
                          "OutputBaseType" : "STRING",
                          "ResponsiveLayout" : false,
                          "ShowDataLoading" : true,
                          "Top" : 20,
                          "Type" : "expression",
                          "Visible" : true,
                          "Width" : 200,
                          "Z-index" : 10,
                          "__TypeDisplayName" : "Expression"
                        },
                        "Widgets" : [ ]
                      }, {
                        "Properties" : {
                          "Area" : "UI",
                          "DataShape" : "",
                          "DataType" : "STRING",
                          "DisplayName" : "eventsrouter-40",
                          "Id" : "eventsrouter-40",
                          "LastContainer" : false,
                          "Left" : 765,
                          "NumberOfInputs" : 3,
                          "ResponsiveLayout" : false,
                          "ShowDataLoading" : true,
                          "Top" : 55,
                          "Type" : "eventsrouter",
                          "Visible" : true,
                          "Z-index" : 10,
                          "__TypeDisplayName" : "Events Router"
                        },
                        "Widgets" : [ ]
                      }, {
                        "Properties" : {
                          "Area" : "UI",
                          "AutoEvaluate" : false,
                          "DataChangeType" : "ALWAYS",
                          "Description" : "",
                          "DisplayName" : "exp_makeBtnGreenDone",
                          "Expression" : "\"green-btn done-btn\"",
                          "FireOnFirstValue" : false,
                          "Height" : 28,
                          "Id" : "expression-41",
                          "LastContainer" : false,
                          "Left" : 860,
                          "OutputBaseType" : "STRING",
                          "ResponsiveLayout" : false,
                          "ShowDataLoading" : true,
                          "Top" : 90,
                          "Type" : "expression",
                          "Visible" : true,
                          "Width" : 200,
                          "Z-index" : 10,
                          "__TypeDisplayName" : "Expression"
                        },
                        "Widgets" : [ ]
                      } ]
                    } ]
                  }, {
                    "Properties" : {
                      "AnimateExpandCollapse" : true,
                      "Area" : "UI",
                      "BGImageRepeat" : "no-repeat",
                      "BGImageSize" : "auto",
                      "DisplayName" : "Row",
                      "ExpandCollapseTabLocation" : "outside",
                      "Expanded" : true,
                      "Id" : "container-13",
                      "LastContainer" : false,
                      "MinHeight" : 0,
                      "MinWidth" : 0,
                      "Overlay" : false,
                      "OverlayIsTransparent" : false,
                      "ResponsiveLayout" : true,
                      "ShowDataLoading" : true,
                      "ShowExpandCollapseTab" : false,
                      "Style" : "DefaultContainerStyle",
                      "TabCollapseStyle" : "DefaultTabCollapseStyle",
                      "TabExpandStyle" : "DefaultTabExpandStyle",
                      "TabHeight" : 36,
                      "TabLocation" : "center",
                      "TabOffset" : 0,
                      "TabWidth" : 36,
                      "Type" : "container",
                      "Visible" : true,
                      "Z-index" : 10,
                      "__TypeDisplayName" : "Container",
                      "userCannotRemove" : true
                    },
                    "Widgets" : [ {
                      "Properties" : {
                        "Area" : "UI",
                        "CustomClass" : "border-bottom1 border-top1",
                        "DisplayName" : "panel-22",
                        "Height" : 200,
                        "HideScrollbars" : false,
                        "HorizontalAnchor" : "left",
                        "Id" : "panel-22",
                        "LastContainer" : false,
                        "Left" : 150,
                        "ResponsiveLayout" : true,
                        "ShowDataLoading" : true,
                        "Style" : "DefaultContainerStyle",
                        "Top" : 70,
                        "Type" : "panel",
                        "VerticalAnchor" : "top",
                        "Visible" : true,
                        "Width" : 300,
                        "Z-index" : 10,
                        "__TypeDisplayName" : "Panel"
                      },
                      "Widgets" : [ {
                        "Properties" : {
                          "Area" : "UI",
                          "CustomClass" : "file-repo-input exp-data",
                          "DisplayName" : "entitypicker-24",
                          "EntityType" : "Projects",
                          "FocusStyle" : "DefaultFocusStyle",
                          "Height" : 38,
                          "Id" : "entitypicker-24",
                          "IncludeSystemObjects" : false,
                          "LastContainer" : false,
                          "Left" : 45,
                          "ResponsiveLayout" : false,
                          "SearchIncludesDescriptions" : true,
                          "SearchTerm" : "",
                          "ShowAdvanced" : true,
                          "ShowDataLoading" : true,
                          "TabSequence" : 1,
                          "Top" : 45,
                          "Type" : "entitypicker",
                          "UseMostRecentlyUsed" : true,
                          "Visible" : true,
                          "Width" : 255,
                          "Z-index" : 10,
                          "__TypeDisplayName" : "Entity Picker"
                        },
                        "Widgets" : [ ]
                      }, {
                        "Properties" : {
                          "Alignment" : "left",
                          "AllowEllipsis" : false,
                          "Area" : "UI",
                          "CustomClass" : "full-width-label",
                          "DisplayName" : "label-25",
                          "Height" : 27,
                          "Id" : "label-25",
                          "LastContainer" : false,
                          "Left" : 45,
                          "ResponsiveLayout" : false,
                          "ShowDataLoading" : true,
                          "Style" : {
                            "backgroundColor" : "",
                            "displayString" : "",
                            "fontEmphasisBold" : false,
                            "fontEmphasisItalic" : false,
                            "fontEmphasisUnderline" : false,
                            "foregroundColor" : "#000000",
                            "image" : "",
                            "lineColor" : "",
                            "lineStyle" : "solid",
                            "lineThickness" : 1,
                            "secondaryBackgroundColor" : "",
                            "textSize" : "xxl"
                          },
                          "Text" : "Export data",
                          "ToolTipField" : "",
                          "ToolTipStyle" : "DefaultTooltipStyle",
                          "Top" : 10,
                          "Type" : "label",
                          "Visible" : true,
                          "Width" : 240,
                          "Z-index" : 10,
                          "__TypeDisplayName" : "Label",
                          "__supportsTooltip" : true
                        },
                        "Widgets" : [ ]
                      }, {
                        "Properties" : {
                          "ActiveStyle" : "DefaultButtonActiveStyle",
                          "Area" : "UI",
                          "CancelConfirmationButton" : "button2",
                          "ConfirmationButton1Label" : "Yes",
                          "ConfirmationButton2Label" : "No",
                          "ConfirmationPrompt" : "Do Action?",
                          "ConfirmationRequired" : false,
                          "ConfirmationTitle" : "Confirm Action",
                          "ContextId" : "",
                          "CustomClass" : "blue-btn",
                          "DefaultConfirmationButton" : "button1",
                          "Description" : "",
                          "Disabled" : false,
                          "DisabledStyle" : "DefaultButtonDisabledStyle",
                          "DisplayName" : "btn_ExportData",
                          "FocusStyle" : "DefaultButtonFocusStyle",
                          "Height" : 38,
                          "HoverStyle" : "DefaultButtonHoverStyle",
                          "IconAlignment" : "left",
                          "Id" : "button-26",
                          "Label" : "Export",
                          "LastContainer" : false,
                          "Left" : 600,
                          "ResponsiveLayout" : false,
                          "RoundedCorners" : true,
                          "ShowDataLoading" : true,
                          "SingleClickSelectOnTablets" : true,
                          "Style" : "DefaultButtonStyle",
                          "TabSequence" : 4,
                          "ToolTipField" : "",
                          "ToolTipStyle" : "DefaultTooltipStyle",
                          "Top" : 45,
                          "Type" : "button",
                          "Visible" : true,
                          "Width" : 120,
                          "Z-index" : 10,
                          "__TypeDisplayName" : "Button",
                          "__supportsTooltip" : true
                        },
                        "Widgets" : [ ]
                      }, {
                        "Properties" : {
                          "Area" : "UI",
                          "AutoEvaluate" : false,
                          "DataChangeType" : "VALUE",
                          "DisplayName" : "expression-27",
                          "Expression" : "$('.exp-data input.twInlineSearch-input').attr('tabindex', '1003');",
                          "FireOnFirstValue" : false,
                          "Height" : 28,
                          "Id" : "expression-27",
                          "LastContainer" : false,
                          "Left" : 385,
                          "OutputBaseType" : "NOTHING",
                          "ResponsiveLayout" : false,
                          "ShowDataLoading" : true,
                          "Top" : 15,
                          "Type" : "expression",
                          "Visible" : true,
                          "Width" : 200,
                          "Z-index" : 10,
                          "__TypeDisplayName" : "Expression"
                        },
                        "Widgets" : [ ]
                      }, {
                        "Properties" : {
                          "Area" : "UI",
                          "AutoEvaluate" : false,
                          "DataChangeType" : "ALWAYS",
                          "DisplayName" : "expression-42",
                          "Expression" : "\"blue-btn\"",
                          "FireOnFirstValue" : false,
                          "Height" : 28,
                          "Id" : "expression-42",
                          "LastContainer" : false,
                          "Left" : 600,
                          "OutputBaseType" : "STRING",
                          "ResponsiveLayout" : false,
                          "ShowDataLoading" : true,
                          "Top" : 5,
                          "Type" : "expression",
                          "Visible" : true,
                          "Width" : 200,
                          "Z-index" : 10,
                          "__TypeDisplayName" : "Expression"
                        },
                        "Widgets" : [ ]
                      }, {
                        "Properties" : {
                          "Area" : "UI",
                          "AutoEvaluate" : false,
                          "DataChangeType" : "ALWAYS",
                          "DisplayName" : "expression-43",
                          "Expression" : "\"blue-btn loading-btn\"",
                          "FireOnFirstValue" : false,
                          "Height" : 28,
                          "Id" : "expression-43",
                          "LastContainer" : false,
                          "Left" : 885,
                          "OutputBaseType" : "STRING",
                          "ResponsiveLayout" : false,
                          "ShowDataLoading" : true,
                          "Top" : 20,
                          "Type" : "expression",
                          "Visible" : true,
                          "Width" : 200,
                          "Z-index" : 10,
                          "__TypeDisplayName" : "Expression"
                        },
                        "Widgets" : [ ]
                      }, {
                        "Properties" : {
                          "Area" : "UI",
                          "DataShape" : "",
                          "DataType" : "STRING",
                          "DisplayName" : "eventsrouter-44",
                          "Id" : "eventsrouter-44",
                          "LastContainer" : false,
                          "Left" : 765,
                          "NumberOfInputs" : 3,
                          "ResponsiveLayout" : false,
                          "ShowDataLoading" : true,
                          "Top" : 55,
                          "Type" : "eventsrouter",
                          "Visible" : true,
                          "Z-index" : 10,
                          "__TypeDisplayName" : "Events Router"
                        },
                        "Widgets" : [ ]
                      }, {
                        "Properties" : {
                          "Area" : "UI",
                          "AutoEvaluate" : false,
                          "DataChangeType" : "ALWAYS",
                          "DisplayName" : "expression-45",
                          "Expression" : "\"green-btn done-btn\"",
                          "FireOnFirstValue" : false,
                          "Height" : 28,
                          "Id" : "expression-45",
                          "LastContainer" : false,
                          "Left" : 880,
                          "OutputBaseType" : "STRING",
                          "ResponsiveLayout" : false,
                          "ShowDataLoading" : true,
                          "Top" : 85,
                          "Type" : "expression",
                          "Visible" : true,
                          "Width" : 200,
                          "Z-index" : 10,
                          "__TypeDisplayName" : "Expression"
                        },
                        "Widgets" : [ ]
                      } ]
                    } ]
                  }, {
                    "Properties" : {
                      "AnimateExpandCollapse" : true,
                      "Area" : "UI",
                      "BGImageRepeat" : "no-repeat",
                      "BGImageSize" : "auto",
                      "DisplayName" : "Row",
                      "ExpandCollapseTabLocation" : "outside",
                      "Expanded" : true,
                      "Id" : "container-12",
                      "LastContainer" : false,
                      "MinHeight" : 0,
                      "MinWidth" : 0,
                      "Overlay" : false,
                      "OverlayIsTransparent" : false,
                      "ResponsiveLayout" : true,
                      "ShowDataLoading" : true,
                      "ShowExpandCollapseTab" : false,
                      "Style" : "DefaultContainerStyle",
                      "TabCollapseStyle" : "DefaultTabCollapseStyle",
                      "TabExpandStyle" : "DefaultTabExpandStyle",
                      "TabHeight" : 36,
                      "TabLocation" : "center",
                      "TabOffset" : 0,
                      "TabWidth" : 36,
                      "Type" : "container",
                      "Visible" : true,
                      "Z-index" : 10,
                      "__TypeDisplayName" : "Container",
                      "userCannotRemove" : true
                    },
                    "Widgets" : [ {
                      "Properties" : {
                        "Area" : "UI",
                        "CustomClass" : "border-bottom1 border-top1",
                        "DisplayName" : "panel-28",
                        "Height" : 200,
                        "HideScrollbars" : false,
                        "HorizontalAnchor" : "left",
                        "Id" : "panel-28",
                        "LastContainer" : false,
                        "Left" : 150,
                        "ResponsiveLayout" : true,
                        "ShowDataLoading" : true,
                        "Style" : "DefaultContainerStyle",
                        "Top" : 70,
                        "Type" : "panel",
                        "VerticalAnchor" : "top",
                        "Visible" : true,
                        "Width" : 300,
                        "Z-index" : 10,
                        "__TypeDisplayName" : "Panel"
                      },
                      "Widgets" : [ {
                        "Properties" : {
                          "Alignment" : "left",
                          "AllowEllipsis" : false,
                          "Area" : "UI",
                          "CustomClass" : "full-width-label",
                          "DisplayName" : "label-30",
                          "Height" : 27,
                          "Id" : "label-30",
                          "LastContainer" : false,
                          "Left" : 45,
                          "ResponsiveLayout" : false,
                          "ShowDataLoading" : true,
                          "Style" : {
                            "backgroundColor" : "",
                            "displayString" : "",
                            "fontEmphasisBold" : false,
                            "fontEmphasisItalic" : false,
                            "fontEmphasisUnderline" : false,
                            "foregroundColor" : "#000000",
                            "image" : "",
                            "lineColor" : "",
                            "lineStyle" : "solid",
                            "lineThickness" : 1,
                            "secondaryBackgroundColor" : "",
                            "textSize" : "xxl"
                          },
                          "Text" : "Export extensions to zip files",
                          "ToolTipField" : "",
                          "ToolTipStyle" : "DefaultTooltipStyle",
                          "Top" : 50,
                          "Type" : "label",
                          "Visible" : true,
                          "Width" : 240,
                          "Z-index" : 10,
                          "__TypeDisplayName" : "Label",
                          "__supportsTooltip" : true
                        },
                        "Widgets" : [ ]
                      }, {
                        "Properties" : {
                          "ActiveStyle" : "DefaultButtonActiveStyle",
                          "Area" : "UI",
                          "CancelConfirmationButton" : "button2",
                          "ConfirmationButton1Label" : "Yes",
                          "ConfirmationButton2Label" : "No",
                          "ConfirmationPrompt" : "Do Action?",
                          "ConfirmationRequired" : false,
                          "ConfirmationTitle" : "Confirm Action",
                          "ContextId" : "",
                          "CustomClass" : "blue-btn",
                          "DefaultConfirmationButton" : "button1",
                          "Description" : "",
                          "Disabled" : false,
                          "DisabledStyle" : "DefaultButtonDisabledStyle",
                          "DisplayName" : "btn_ExportExtensionsZIP",
                          "FocusStyle" : "DefaultButtonFocusStyle",
                          "Height" : 38,
                          "HoverStyle" : "DefaultButtonHoverStyle",
                          "IconAlignment" : "left",
                          "Id" : "button-31",
                          "Label" : "Export",
                          "LastContainer" : false,
                          "Left" : 600,
                          "ResponsiveLayout" : false,
                          "RoundedCorners" : true,
                          "ShowDataLoading" : true,
                          "SingleClickSelectOnTablets" : true,
                          "Style" : "DefaultButtonStyle",
                          "TabSequence" : 5,
                          "ToolTipField" : "",
                          "ToolTipStyle" : "DefaultTooltipStyle",
                          "Top" : 45,
                          "Type" : "button",
                          "Visible" : true,
                          "Width" : 120,
                          "Z-index" : 10,
                          "__TypeDisplayName" : "Button",
                          "__supportsTooltip" : true
                        },
                        "Widgets" : [ ]
                      }, {
                        "Properties" : {
                          "Area" : "UI",
                          "AutoEvaluate" : false,
                          "DataChangeType" : "ALWAYS",
                          "DisplayName" : "expression-33",
                          "Expression" : "\"blue-btn loading-btn\"",
                          "FireOnFirstValue" : false,
                          "Height" : 28,
                          "Id" : "expression-33",
                          "LastContainer" : false,
                          "Left" : 845,
                          "OutputBaseType" : "STRING",
                          "ResponsiveLayout" : false,
                          "ShowDataLoading" : true,
                          "Top" : 20,
                          "Type" : "expression",
                          "Visible" : true,
                          "Width" : 200,
                          "Z-index" : 10,
                          "__TypeDisplayName" : "Expression"
                        },
                        "Widgets" : [ ]
                      }, {
                        "Properties" : {
                          "Area" : "UI",
                          "DataShape" : "",
                          "DataType" : "STRING",
                          "DisplayName" : "eventsrouter-34",
                          "Id" : "eventsrouter-34",
                          "LastContainer" : false,
                          "Left" : 750,
                          "NumberOfInputs" : 3,
                          "ResponsiveLayout" : false,
                          "ShowDataLoading" : true,
                          "Top" : 55,
                          "Type" : "eventsrouter",
                          "Visible" : true,
                          "Z-index" : 10,
                          "__TypeDisplayName" : "Events Router"
                        },
                        "Widgets" : [ ]
                      }, {
                        "Properties" : {
                          "Area" : "UI",
                          "AutoEvaluate" : false,
                          "DataChangeType" : "ALWAYS",
                          "DisplayName" : "expression-35",
                          "Expression" : "\"green-btn done-btn\"",
                          "FireOnFirstValue" : false,
                          "Height" : 28,
                          "Id" : "expression-35",
                          "LastContainer" : false,
                          "Left" : 845,
                          "OutputBaseType" : "STRING",
                          "ResponsiveLayout" : false,
                          "ShowDataLoading" : true,
                          "Top" : 90,
                          "Type" : "expression",
                          "Visible" : true,
                          "Width" : 200,
                          "Z-index" : 10,
                          "__TypeDisplayName" : "Expression"
                        },
                        "Widgets" : [ ]
                      }, {
                        "Properties" : {
                          "Area" : "UI",
                          "AutoEvaluate" : false,
                          "DataChangeType" : "ALWAYS",
                          "DisplayName" : "expression-36",
                          "Expression" : "\"blue-btn\"",
                          "FireOnFirstValue" : false,
                          "Height" : 28,
                          "Id" : "expression-36",
                          "LastContainer" : false,
                          "Left" : 560,
                          "OutputBaseType" : "STRING",
                          "ResponsiveLayout" : false,
                          "ShowDataLoading" : true,
                          "Top" : 5,
                          "Type" : "expression",
                          "Visible" : true,
                          "Width" : 200,
                          "Z-index" : 10,
                          "__TypeDisplayName" : "Expression"
                        },
                        "Widgets" : [ ]
                      } ]
                    } ]
                  } ]
                } ]
              },
              "mashupType" : "mashup"
            }
            ]]>
            </mashupContent>
            <preview></preview>
        </Mashup>
    </Mashups>
</Entities>
